{
  "context": {
    "date": "2025-09-16T17:43:39+00:00",
    "host_name": "700ea59bd9ca",
    "executable": "./build/bin/benchmarks/work1_benchmarks",
    "num_cpus": 2,
    "mhz_per_cpu": 2200,
    "cpu_scaling_enabled": false,
    "caches": [
      {
        "type": "Data",
        "level": 1,
        "size": 32768,
        "num_sharing": 2
      },
      {
        "type": "Instruction",
        "level": 1,
        "size": 32768,
        "num_sharing": 2
      },
      {
        "type": "Unified",
        "level": 2,
        "size": 262144,
        "num_sharing": 2
      },
      {
        "type": "Unified",
        "level": 3,
        "size": 57671680,
        "num_sharing": 2
      }
    ],
    "load_avg": [1.12109,0.796387,0.477051],
    "library_version": "v1.9.2",
    "library_build_type": "debug",
    "json_schema_version": 1
  },
  "benchmarks": [
    {
      "name": "VectorsAddGPUFull/1024",
      "family_index": 0,
      "per_family_instance_index": 0,
      "run_name": "VectorsAddGPUFull/1024",
      "run_type": "iteration",
      "repetitions": 1,
      "repetition_index": 0,
      "threads": 1,
      "iterations": 3393560,
      "real_time": 2.1168510472780710e+02,
      "cpu_time": 2.1135389502469386e+02,
      "time_unit": "ns"
    },
    {
      "name": "VectorsAddGPUFull/2048",
      "family_index": 0,
      "per_family_instance_index": 1,
      "run_name": "VectorsAddGPUFull/2048",
      "run_type": "iteration",
      "repetitions": 1,
      "repetition_index": 0,
      "threads": 1,
      "iterations": 3438620,
      "real_time": 2.3120805061331143e+02,
      "cpu_time": 2.2779345900390274e+02,
      "time_unit": "ns"
    },
    {
      "name": "VectorsAddGPUFull/4096",
      "family_index": 0,
      "per_family_instance_index": 2,
      "run_name": "VectorsAddGPUFull/4096",
      "run_type": "iteration",
      "repetitions": 1,
      "repetition_index": 0,
      "threads": 1,
      "iterations": 2145225,
      "real_time": 3.4301277488372875e+02,
      "cpu_time": 3.3243131186705358e+02,
      "time_unit": "ns"
    },
    {
      "name": "VectorsAddGPUFull/8192",
      "family_index": 0,
      "per_family_instance_index": 3,
      "run_name": "VectorsAddGPUFull/8192",
      "run_type": "iteration",
      "repetitions": 1,
      "repetition_index": 0,
      "threads": 1,
      "iterations": 2119438,
      "real_time": 3.3989313393457883e+02,
      "cpu_time": 3.2262005446726909e+02,
      "time_unit": "ns"
    },
    {
      "name": "VectorsAddGPUFull/16384",
      "family_index": 0,
      "per_family_instance_index": 4,
      "run_name": "VectorsAddGPUFull/16384",
      "run_type": "iteration",
      "repetitions": 1,
      "repetition_index": 0,
      "threads": 1,
      "iterations": 2171077,
      "real_time": 2.3609365674273616e+02,
      "cpu_time": 2.3564552201511032e+02,
      "time_unit": "ns"
    },
    {
      "name": "VectorsAddGPUFull/32768",
      "family_index": 0,
      "per_family_instance_index": 5,
      "run_name": "VectorsAddGPUFull/32768",
      "run_type": "iteration",
      "repetitions": 1,
      "repetition_index": 0,
      "threads": 1,
      "iterations": 3342155,
      "real_time": 2.0705082947976163e+02,
      "cpu_time": 2.0681403735015277e+02,
      "time_unit": "ns"
    },
    {
      "name": "VectorsAddGPUFull/65536",
      "family_index": 0,
      "per_family_instance_index": 6,
      "run_name": "VectorsAddGPUFull/65536",
      "run_type": "iteration",
      "repetitions": 1,
      "repetition_index": 0,
      "threads": 1,
      "iterations": 3264586,
      "real_time": 2.0609421470285415e+02,
      "cpu_time": 2.0593920484863921e+02,
      "time_unit": "ns"
    },
    {
      "name": "VectorsAddGPUFull/131072",
      "family_index": 0,
      "per_family_instance_index": 7,
      "run_name": "VectorsAddGPUFull/131072",
      "run_type": "iteration",
      "repetitions": 1,
      "repetition_index": 0,
      "threads": 1,
      "iterations": 3220867,
      "real_time": 2.1432209060477894e+02,
      "cpu_time": 2.1350784493740349e+02,
      "time_unit": "ns"
    },
    {
      "name": "VectorsAddGPUFull/262144",
      "family_index": 0,
      "per_family_instance_index": 8,
      "run_name": "VectorsAddGPUFull/262144",
      "run_type": "iteration",
      "repetitions": 1,
      "repetition_index": 0,
      "threads": 1,
      "iterations": 3431513,
      "real_time": 2.1239149669545932e+02,
      "cpu_time": 2.1068804984856541e+02,
      "time_unit": "ns"
    },
    {
      "name": "VectorsAddGPUFull/524288",
      "family_index": 0,
      "per_family_instance_index": 9,
      "run_name": "VectorsAddGPUFull/524288",
      "run_type": "iteration",
      "repetitions": 1,
      "repetition_index": 0,
      "threads": 1,
      "iterations": 3388269,
      "real_time": 2.0924335375974684e+02,
      "cpu_time": 2.0913465312228757e+02,
      "time_unit": "ns"
    },
    {
      "name": "VectorsAddGPUFull/1048576",
      "family_index": 0,
      "per_family_instance_index": 10,
      "run_name": "VectorsAddGPUFull/1048576",
      "run_type": "iteration",
      "repetitions": 1,
      "repetition_index": 0,
      "threads": 1,
      "iterations": 3405207,
      "real_time": 2.1037674038612900e+02,
      "cpu_time": 2.1025174857211294e+02,
      "time_unit": "ns"
    },
    {
      "name": "VectorsAddGPUFull/2097152",
      "family_index": 0,
      "per_family_instance_index": 11,
      "run_name": "VectorsAddGPUFull/2097152",
      "run_type": "iteration",
      "repetitions": 1,
      "repetition_index": 0,
      "threads": 1,
      "iterations": 3407562,
      "real_time": 2.0973580260606516e+02,
      "cpu_time": 2.0954159131954196e+02,
      "time_unit": "ns"
    },
    {
      "name": "VectorsAddGPUFull/4194304",
      "family_index": 0,
      "per_family_instance_index": 12,
      "run_name": "VectorsAddGPUFull/4194304",
      "run_type": "iteration",
      "repetitions": 1,
      "repetition_index": 0,
      "threads": 1,
      "iterations": 3441755,
      "real_time": 2.1026271713123700e+02,
      "cpu_time": 2.0984246234842374e+02,
      "time_unit": "ns"
    },
    {
      "name": "VectorsAddGPUCore/1024",
      "family_index": 1,
      "per_family_instance_index": 0,
      "run_name": "VectorsAddGPUCore/1024",
      "run_type": "iteration",
      "repetitions": 1,
      "repetition_index": 0,
      "threads": 1,
      "iterations": 4171698,
      "real_time": 1.7750139775219589e+02,
      "cpu_time": 1.7657152722944008e+02,
      "time_unit": "ns"
    },
    {
      "name": "VectorsAddGPUCore/2048",
      "family_index": 1,
      "per_family_instance_index": 1,
      "run_name": "VectorsAddGPUCore/2048",
      "run_type": "iteration",
      "repetitions": 1,
      "repetition_index": 0,
      "threads": 1,
      "iterations": 4077650,
      "real_time": 1.7106659718219456e+02,
      "cpu_time": 1.7097526491974517e+02,
      "time_unit": "ns"
    },
    {
      "name": "VectorsAddGPUCore/4096",
      "family_index": 1,
      "per_family_instance_index": 2,
      "run_name": "VectorsAddGPUCore/4096",
      "run_type": "iteration",
      "repetitions": 1,
      "repetition_index": 0,
      "threads": 1,
      "iterations": 2586507,
      "real_time": 2.8654637934482332e+02,
      "cpu_time": 2.7665597193435025e+02,
      "time_unit": "ns"
    },
    {
      "name": "VectorsAddGPUCore/8192",
      "family_index": 1,
      "per_family_instance_index": 3,
      "run_name": "VectorsAddGPUCore/8192",
      "run_type": "iteration",
      "repetitions": 1,
      "repetition_index": 0,
      "threads": 1,
      "iterations": 2537436,
      "real_time": 2.8357272104599627e+02,
      "cpu_time": 2.7425879352227957e+02,
      "time_unit": "ns"
    },
    {
      "name": "VectorsAddGPUCore/16384",
      "family_index": 1,
      "per_family_instance_index": 4,
      "run_name": "VectorsAddGPUCore/16384",
      "run_type": "iteration",
      "repetitions": 1,
      "repetition_index": 0,
      "threads": 1,
      "iterations": 2643165,
      "real_time": 2.4958864921406067e+02,
      "cpu_time": 2.4071059506311624e+02,
      "time_unit": "ns"
    },
    {
      "name": "VectorsAddGPUCore/32768",
      "family_index": 1,
      "per_family_instance_index": 5,
      "run_name": "VectorsAddGPUCore/32768",
      "run_type": "iteration",
      "repetitions": 1,
      "repetition_index": 0,
      "threads": 1,
      "iterations": 4190594,
      "real_time": 1.7299098648069111e+02,
      "cpu_time": 1.7274076682207809e+02,
      "time_unit": "ns"
    },
    {
      "name": "VectorsAddGPUCore/65536",
      "family_index": 1,
      "per_family_instance_index": 6,
      "run_name": "VectorsAddGPUCore/65536",
      "run_type": "iteration",
      "repetitions": 1,
      "repetition_index": 0,
      "threads": 1,
      "iterations": 4057584,
      "real_time": 1.6930156516787596e+02,
      "cpu_time": 1.6852464496113947e+02,
      "time_unit": "ns"
    },
    {
      "name": "VectorsAddGPUCore/131072",
      "family_index": 1,
      "per_family_instance_index": 7,
      "run_name": "VectorsAddGPUCore/131072",
      "run_type": "iteration",
      "repetitions": 1,
      "repetition_index": 0,
      "threads": 1,
      "iterations": 3835865,
      "real_time": 1.6798285888580975e+02,
      "cpu_time": 1.6793300833058541e+02,
      "time_unit": "ns"
    },
    {
      "name": "VectorsAddGPUCore/262144",
      "family_index": 1,
      "per_family_instance_index": 8,
      "run_name": "VectorsAddGPUCore/262144",
      "run_type": "iteration",
      "repetitions": 1,
      "repetition_index": 0,
      "threads": 1,
      "iterations": 4094217,
      "real_time": 1.7267420583711811e+02,
      "cpu_time": 1.7239643160096253e+02,
      "time_unit": "ns"
    },
    {
      "name": "VectorsAddGPUCore/524288",
      "family_index": 1,
      "per_family_instance_index": 9,
      "run_name": "VectorsAddGPUCore/524288",
      "run_type": "iteration",
      "repetitions": 1,
      "repetition_index": 0,
      "threads": 1,
      "iterations": 4174202,
      "real_time": 1.7156147091103989e+02,
      "cpu_time": 1.7128606377937663e+02,
      "time_unit": "ns"
    },
    {
      "name": "VectorsAddGPUCore/1048576",
      "family_index": 1,
      "per_family_instance_index": 10,
      "run_name": "VectorsAddGPUCore/1048576",
      "run_type": "iteration",
      "repetitions": 1,
      "repetition_index": 0,
      "threads": 1,
      "iterations": 3903725,
      "real_time": 1.7530344171273629e+02,
      "cpu_time": 1.7474415129139430e+02,
      "time_unit": "ns"
    },
    {
      "name": "VectorsAddGPUCore/2097152",
      "family_index": 1,
      "per_family_instance_index": 11,
      "run_name": "VectorsAddGPUCore/2097152",
      "run_type": "iteration",
      "repetitions": 1,
      "repetition_index": 0,
      "threads": 1,
      "iterations": 4128779,
      "real_time": 1.7627841402989927e+02,
      "cpu_time": 1.7576266276301058e+02,
      "time_unit": "ns"
    },
    {
      "name": "VectorsAddGPUCore/4194304",
      "family_index": 1,
      "per_family_instance_index": 12,
      "run_name": "VectorsAddGPUCore/4194304",
      "run_type": "iteration",
      "repetitions": 1,
      "repetition_index": 0,
      "threads": 1,
      "iterations": 4040465,
      "real_time": 1.7232823251782060e+02,
      "cpu_time": 1.7220188443656798e+02,
      "time_unit": "ns"
    },
    {
      "name": "VectorAddCPU/1024",
      "family_index": 2,
      "per_family_instance_index": 0,
      "run_name": "VectorAddCPU/1024",
      "run_type": "iteration",
      "repetitions": 1,
      "repetition_index": 0,
      "threads": 1,
      "iterations": 3024862,
      "real_time": 2.3771291120055565e+02,
      "cpu_time": 2.3757646828185850e+02,
      "time_unit": "ns"
    },
    {
      "name": "VectorAddCPU/2048",
      "family_index": 2,
      "per_family_instance_index": 1,
      "run_name": "VectorAddCPU/2048",
      "run_type": "iteration",
      "repetitions": 1,
      "repetition_index": 0,
      "threads": 1,
      "iterations": 1509898,
      "real_time": 4.7203528119110371e+02,
      "cpu_time": 4.7177520865647955e+02,
      "time_unit": "ns"
    },
    {
      "name": "VectorAddCPU/4096",
      "family_index": 2,
      "per_family_instance_index": 2,
      "run_name": "VectorAddCPU/4096",
      "run_type": "iteration",
      "repetitions": 1,
      "repetition_index": 0,
      "threads": 1,
      "iterations": 572224,
      "real_time": 1.4787287006490055e+03,
      "cpu_time": 1.4413970944944622e+03,
      "time_unit": "ns"
    },
    {
      "name": "VectorAddCPU/8192",
      "family_index": 2,
      "per_family_instance_index": 3,
      "run_name": "VectorAddCPU/8192",
      "run_type": "iteration",
      "repetitions": 1,
      "repetition_index": 0,
      "threads": 1,
      "iterations": 234411,
      "real_time": 3.0608752319648870e+03,
      "cpu_time": 2.9357055598926672e+03,
      "time_unit": "ns"
    },
    {
      "name": "VectorAddCPU/16384",
      "family_index": 2,
      "per_family_instance_index": 4,
      "run_name": "VectorAddCPU/16384",
      "run_type": "iteration",
      "repetitions": 1,
      "repetition_index": 0,
      "threads": 1,
      "iterations": 123824,
      "real_time": 6.3244901150016049e+03,
      "cpu_time": 6.0886324137485390e+03,
      "time_unit": "ns"
    },
    {
      "name": "VectorAddCPU/32768",
      "family_index": 2,
      "per_family_instance_index": 5,
      "run_name": "VectorAddCPU/32768",
      "run_type": "iteration",
      "repetitions": 1,
      "repetition_index": 0,
      "threads": 1,
      "iterations": 49524,
      "real_time": 1.4155404349403345e+04,
      "cpu_time": 1.3917584807366160e+04,
      "time_unit": "ns"
    },
    {
      "name": "VectorAddCPU/65536",
      "family_index": 2,
      "per_family_instance_index": 6,
      "run_name": "VectorAddCPU/65536",
      "run_type": "iteration",
      "repetitions": 1,
      "repetition_index": 0,
      "threads": 1,
      "iterations": 32273,
      "real_time": 2.0394013974529855e+04,
      "cpu_time": 2.0375661698633499e+04,
      "time_unit": "ns"
    },
    {
      "name": "VectorAddCPU/131072",
      "family_index": 2,
      "per_family_instance_index": 7,
      "run_name": "VectorAddCPU/131072",
      "run_type": "iteration",
      "repetitions": 1,
      "repetition_index": 0,
      "threads": 1,
      "iterations": 12272,
      "real_time": 5.8256944670803896e+04,
      "cpu_time": 5.8224125081486483e+04,
      "time_unit": "ns"
    },
    {
      "name": "VectorAddCPU/262144",
      "family_index": 2,
      "per_family_instance_index": 8,
      "run_name": "VectorAddCPU/262144",
      "run_type": "iteration",
      "repetitions": 1,
      "repetition_index": 0,
      "threads": 1,
      "iterations": 5168,
      "real_time": 1.2038632720590480e+05,
      "cpu_time": 1.2034173529411806e+05,
      "time_unit": "ns"
    },
    {
      "name": "VectorAddCPU/524288",
      "family_index": 2,
      "per_family_instance_index": 9,
      "run_name": "VectorAddCPU/524288",
      "run_type": "iteration",
      "repetitions": 1,
      "repetition_index": 0,
      "threads": 1,
      "iterations": 2563,
      "real_time": 2.7673461802573758e+05,
      "cpu_time": 2.7554369410846569e+05,
      "time_unit": "ns"
    },
    {
      "name": "VectorAddCPU/1048576",
      "family_index": 2,
      "per_family_instance_index": 10,
      "run_name": "VectorAddCPU/1048576",
      "run_type": "iteration",
      "repetitions": 1,
      "repetition_index": 0,
      "threads": 1,
      "iterations": 1228,
      "real_time": 5.6115240065144829e+05,
      "cpu_time": 5.6078287866449764e+05,
      "time_unit": "ns"
    },
    {
      "name": "VectorAddCPU/2097152",
      "family_index": 2,
      "per_family_instance_index": 11,
      "run_name": "VectorAddCPU/2097152",
      "run_type": "iteration",
      "repetitions": 1,
      "repetition_index": 0,
      "threads": 1,
      "iterations": 400,
      "real_time": 1.6948438025002587e+06,
      "cpu_time": 1.6941058925000087e+06,
      "time_unit": "ns"
    },
    {
      "name": "VectorAddCPU/4194304",
      "family_index": 2,
      "per_family_instance_index": 12,
      "run_name": "VectorAddCPU/4194304",
      "run_type": "iteration",
      "repetitions": 1,
      "repetition_index": 0,
      "threads": 1,
      "iterations": 168,
      "real_time": 4.0810016369037041e+06,
      "cpu_time": 4.0783540297618820e+06,
      "time_unit": "ns"
    }
  ]
}
